Reference,Value,MPN,LCSC,Qty,Footprint,DNP
"C19,C27",0.1uF,CC0603KRX7R9BB104,C14663,2,Capacitor_SMD:C_0603_1608Metric,
R4,73k2,0603WAF7322T5E,C14890,1,Resistor_SMD:R_0603_1608Metric,
"C25,C28,C29",1uF,CL10A105KB8NNNC,C15849,3,Capacitor_SMD:C_0603_1608Metric,
"R12,R13",0R,0603WAF0000T5E,C21189,2,Resistor_SMD:R_0603_1608Metric,
"R20,R21,R22",120R,0603WAF1200T5E,C22787,3,Resistor_SMD:R_0603_1608Metric,
R17,15k,0603WAF1502T5E,C22809,1,Resistor_SMD:R_0603_1608Metric,
R14,30k,0603WAF3002T5E,C22984,1,Resistor_SMD:R_0603_1608Metric,
R8,52k3,0603WAF5232T5E,C23198,1,Resistor_SMD:R_0603_1608Metric,
R5,100k,0603WAF1003T5E,C25803,1,Resistor_SMD:R_0603_1608Metric,
"R1,R2,R3,R6,R7,R9,R10,R11,R15,R16",10k,0603WAF1002T5E,C25804,10,Resistor_SMD:R_0603_1608Metric,
"C13,C14,C15,C16,C17,C18,C23,C24,C30,C31,C33,C34",10uF,CL10A106MA8NRNC,C96446,12,Capacitor_SMD:C_0603_1608Metric,
C26,22nF 1mOhm,CC0603KRX7R9BB223,C106222,1,Capacitor_SMD:C_0603_1608Metric,
C20,150pF 0Ohm,CC0603JRNPO9BN151,C107038,1,Capacitor_SMD:C_0603_1608Metric,
"C3,C4,C5",100uF 63V poly,RXW101M1JBK-0815,C134638,3,Capacitor_THT:CP_Radial_D8.0mm_P3.50mm,
"C11,C12",2.2mF 16V poly,GR1J222MM300A00CV0,C240374,2,Capacitor_THT:CP_Radial_D18.0mm_P7.50mm,
"C1,C2",330uF 63V poly,63YXJ330M12.5X20,C437640,2,Capacitor_THT:CP_Radial_D12.5mm_P5.00mm,
"R18,R19,R23,R24,R25",680R 1/4W,ERJPA3J681V,C445820,5,Resistor_SMD:R_0603_1608Metric,
SW1,SW_Push,TS04-66-70-BK-160-SMT,C455109,1,power_symbols:TS04-66-70-BK-160-SMT,
"D2,D5",RED,XL-1608SURC-06,C965799,2,LED_SMD:LED_0603_1608Metric,
"D3,D6",GREEN,XL-1608UGC-04,C965804,2,LED_SMD:LED_0603_1608Metric,
D1,BLUE,XL-1608UBC-04,C965807,1,LED_SMD:LED_0603_1608Metric,
"C21,C22",22uF 2.582mOhm,CL10A226MO7JZNC,C2762594,2,Capacitor_SMD:C_0603_1608Metric,
C32,3u3,TCC0603X5R335M250CT,C5360803,1,Capacitor_SMD:C_0603_1608Metric,
D4,PURPLE,XL-1608UVC-04,C7371898,1,LED_SMD:LED_0603_1608Metric,
,,,,,,
,,,,,,
,,,,,,
,,,,,,
,,,,,,DNP
