"Reference","Qty","Value","Voltage Rating","Footprint","Datasheet"
"C1,C5","2","47u","10V","Capacitor_SMD:C_0805_2012Metric_Pad1.18x1.45mm_HandSolder","~"
"C2,C3,C4,C7,C13,C14,C15,C16,C17,C18,C19","11","0.1u","10V","Capacitor_SMD:C_0603_1608Metric_Pad1.08x0.95mm_HandSolder","~"
"C6","1","10u","10V","Capacitor_SMD:C_0805_2012Metric_Pad1.18x1.45mm_HandSolder","~"
"C8,C22,C28,C29,C30,C31,C34,C36,C40","9","10u","25V","Capacitor_SMD:C_0805_2012Metric_Pad1.18x1.45mm_HandSolder","~"
"C9,C21,C32,C35,C37,C39","6","0.1u","25V","Capacitor_SMD:C_0603_1608Metric_Pad1.08x0.95mm_HandSolder","~"
"C10","1","0.47u","10V","Capacitor_SMD:C_0603_1608Metric_Pad1.08x0.95mm_HandSolder","~"
"C11","1","33u","10V","Capacitor_SMD:C_0805_2012Metric_Pad1.18x1.45mm_HandSolder","~"
"C12","1","10u","10V","Capacitor_SMD:C_0603_1608Metric_Pad1.08x0.95mm_HandSolder","~"
"C20","1","3.3n","25V","Capacitor_SMD:C_0805_2012Metric_Pad1.18x1.45mm_HandSolder","~"
"C23","1","0.1u","16V","Capacitor_SMD:C_0603_1608Metric_Pad1.08x0.95mm_HandSolder","~"
"C24","1","120p","50V","Capacitor_SMD:C_0603_1608Metric_Pad1.08x0.95mm_HandSolder","~"
"C25","1","4.7n","50V","Capacitor_SMD:C_0805_2012Metric_Pad1.18x1.45mm_HandSolder","~"
"C26","1","2.2u","10V","Capacitor_SMD:C_0603_1608Metric_Pad1.08x0.95mm_HandSolder","~"
"C27","1","1n","50V","Capacitor_SMD:C_0603_1608Metric_Pad1.08x0.95mm_HandSolder","~"
"C33","1","1u","25V","Capacitor_SMD:C_0603_1608Metric_Pad1.08x0.95mm_HandSolder","~"
"C38","1","100u","10V","Capacitor_SMD:C_1206_3216Metric_Pad1.33x1.80mm_HandSolder","~"
"D1","1","GREEN_LED","","LED_SMD:LED_0201_0603Metric_Pad0.64x0.40mm_HandSolder","~"
"D2","1","PURPLE_LED","","LED_SMD:LED_0201_0603Metric_Pad0.64x0.40mm_HandSolder","~"
"D3","1","RED_LED","","LED_SMD:LED_0201_0603Metric_Pad0.64x0.40mm_HandSolder","~"
"D4","1","ORANGE_LED","","LED_SMD:LED_0201_0603Metric_Pad0.64x0.40mm_HandSolder","~"
"IC1,IC2","2","CSD17578Q3A","","custom library:TRANS_CSD18543Q3A",""
"J1","1","BM04B-GHS-TBT","","custom library:CONN_BM04B-GHS-TBT_JST","BM04B-GHS-TBT"
"J2","1","ET60S-D04-3-08-D04-X-R1-S","","custom library:SAMTEC_ET60S-D04-3-08-D04-X-R1-S",""
"J3,J5","2","PJ-002A","","custom library:CUI_PJ-002A",""
"J4","1","Conn_01x04_Socket","","Connector_JST:JST_PH_S4B-PH-K_1x04_P2.00mm_Horizontal","~"
"J6,J24","2","IPBT-105-H1-T-D-GP","","custom library:SAMTEC_IPBT-105-H1-T-D-GP",""
"J7","1","Conn_02x04_Counter_Clockwise","","Connector_PinHeader_2.54mm:PinHeader_2x04_P2.54mm_Vertical","~"
"J8,J12,J21","3","Conn_01x02_Pin","","Connector_PinHeader_2.54mm:PinHeader_1x02_P2.54mm_Vertical","~"
"J9","1","Conn_01x05","","Connector_PinSocket_2.54mm:PinSocket_1x05_P2.54mm_Vertical","~"
"J10","1","430450428","","custom library:MOLEX_430450428",""
"J11,J18,J20","3","Conn_01x04_Pin","","Connector_PinHeader_2.54mm:PinHeader_1x04_P2.54mm_Vertical","~"
"J13,J19,J22","3","Conn_01x03_Pin","","Connector_PinHeader_2.54mm:PinHeader_1x03_P2.54mm_Vertical","~"
"J14","1","ET60T-D04-0-00-D04-X-R1-S","","custom library:SAMTEC_ET60T-D04-0-00-D04-X-R1-S",""
"J15,J16","2","Conn_01x28_Socket","","Connector_PinSocket_2.54mm:PinSocket_1x28_P2.54mm_Vertical","~"
"J17","1","Conn_01x02_Pin","","Connector_PinSocket_2.54mm:PinSocket_1x02_P2.54mm_Vertical","~"
"J23","1","Conn_02x02_Pin","","Connector_PinSocket_2.54mm:PinSocket_2x02_P2.54mm_Vertical","~"
"J25","1","Conn_02x09_Counter_Clockwise","","Connector_PinHeader_2.54mm:PinHeader_2x09_P2.54mm_Vertical","~"
"J26,J29","2","Conn_01x03_Pin","","Connector_PinSocket_2.54mm:PinSocket_1x03_P2.54mm_Vertical","~"
"J27","1","DebugnBoot","","Connector_PinHeader_2.54mm:PinHeader_1x04_P2.54mm_Vertical","~"
"J28","1","UART-PINS","","Connector_PinHeader_2.54mm:PinHeader_1x03_P2.54mm_Vertical","~"
"J30","1","PWM Connector","","custom library:PWM, 12V, GND JST Connector",""
"J31","1","ESC ADAPTER - BACKPLANE","","custom library:ESC Adapter - Backplane",""
"J32,J33,J34","3","TB006-508-03BE","","custom library:CUI_TB006-508-03BE",""
"L1","1","1u","","custom library:IND_XAL6030-102MEC","~"
"Q1,Q2","2","BSC010N04LS6ATMA1","","custom library:TRANS_BSC010N04LS6ATMA1",""
"R1","1","290","","Resistor_SMD:R_0603_1608Metric_Pad0.98x0.95mm_HandSolder","~"
"R2","1","270","","Resistor_SMD:R_0603_1608Metric_Pad0.98x0.95mm_HandSolder","~"
"R3","1","510","","Resistor_SMD:R_0603_1608Metric_Pad0.98x0.95mm_HandSolder","~"
"R4,R5,R6,R7,R8,R12","6","10k","","Resistor_SMD:R_0603_1608Metric_Pad0.98x0.95mm_HandSolder","~"
"R9","1","1.1k","","Resistor_SMD:R_0603_1608Metric_Pad0.98x0.95mm_HandSolder","~"
"R10","1","2.2k","","Resistor_SMD:R_0603_1608Metric_Pad0.98x0.95mm_HandSolder","~"
"R11","1","100k","","Resistor_SMD:R_0603_1608Metric_Pad0.98x0.95mm_HandSolder","~"
"R13","1","5.11k","","Resistor_SMD:R_0603_1608Metric_Pad0.98x0.95mm_HandSolder","~"
"R14","1","243","","Resistor_SMD:R_0603_1608Metric_Pad0.98x0.95mm_HandSolder","~"
"R15","1","100","","Resistor_SMD:R_0603_1608Metric_Pad0.98x0.95mm_HandSolder","~"
"R16","1","200","","Resistor_SMD:R_0603_1608Metric_Pad0.98x0.95mm_HandSolder","~"
"S1","1","TS04-66-70-BK-160-SMT","","custom library:SW_TS04-66-70-BK-160-SMT",""
"TP1,TP2,TP3,TP4,TP5,TP6,TP7","7","TestPoint","","TestPoint:TestPoint_Pad_D4.0mm","~"
"U1","1","LTC4370CMS_PBF","","custom library:MSOP-16_MS","https://www.analog.com/media/en/technical-documentation/data-sheets/4370f.pdf"
"U2","1","LM3940IMPX-3.3/NOPB","","custom library:MP04A","https://www.ti.com/lit/gpn/lm3940"
"U3","1","STM32F091CCT6","","custom library:LQFP48-7x7mm","https://www.st.com/resource/en/datasheet/stm32f091cc.pdf"
"U4","1","RASPBERRY_PI_4B_4GB","","custom library:MODULE_RASPBERRY_PI_4B_4GB",""
"U5,U6","2","MC74HC157ADR2G","","custom library:SOIC-16_ONS","MC74HC157ADR2G"
"U7","1","TPS40305DRCR","","custom library:DRC10_2P4X1P65","https://www.ti.com/lit/gpn/tps40305"
